"GHGRP_Facility_ID__c","Account Name","Account Site","Parent_Company__c","EPA_Industry_Sector__c","Billing Street","Billing City","Billing State/Province","Billing Country","Billing Zip/Postal Code","Target_Decision_Maker_Role__c","Campaign_Segment__c","Rating","Description"
"GHGRP-1006366","ND Paper Inc - Rumford Division - Rumford, ME","ND Paper Inc - Rumford Division","ND PAPER LLC","Pulp and Paper","35 HARTFORD ST","Rumford","Maine","United States","04276","Energy Manager","Industrial High-Load","Hot","High-load manufacturing prospect with a clear energy-management and procurement use case."
"GHGRP-1003048","Sappi North America, Inc. - Somerset Operations - Skowhegan, ME","Sappi North America, Inc. - Somerset Operations","SAPPI NORTH AMERICA INC","Pulp and Paper,Waste","1329 WATERVILLE ROAD","Skowhegan","Maine","United States","04976","Energy Manager","Industrial High-Load","Hot","High-load manufacturing and waste operation; prioritize energy and procurement stakeholders."
"GHGRP-1001889","WOODLAND PULP LLC - Baileyville, ME","WOODLAND PULP LLC","INTERNATIONAL GRAND INVESTMENT CORP","Pulp and Paper,Waste","144 MAIN ST.","Baileyville","Maine","United States","04694","Energy Manager","Industrial High-Load","Hot","High-load manufacturing and waste operation; prioritize energy and procurement stakeholders."
"GHGRP-1006065","KIMBERLY-CLARK TISSUE MILL - New Milford, CT","KIMBERLY-CLARK TISSUE MILL","KIMBERLY-CLARK CORP","Pulp and Paper","58 PICKETT DISTRICT RD","New Milford","Connecticut","United States","06776","Energy Manager","Industrial High-Load","Hot","High-load manufacturing prospect with a clear energy-management and procurement use case."
"GHGRP-1000056","SPECIALTY MINERALS - Adams, MA","SPECIALTY MINERALS","MINERALS TECHNOLOGIES INC","Minerals","260 COLUMBIA STREET","Adams","Massachusetts","United States","01220","Plant Manager","Industrial High-Load","Hot","Industrial process-load prospect with potential power and natural-gas purchasing needs."
"GHGRP-1005710","SEMASS PARTNERSHIP RESOURCE RECOVERY FACILITY - Rochester, MA","SEMASS PARTNERSHIP RESOURCE RECOVERY FACILITY","COVANTA HOLDING CORP","Waste","141 CRANBERRY HIGHWAY ROUTE 28","Rochester","Massachusetts","United States","02770","Director of Operations","Waste and Environmental","Hot","Waste-sector facility; qualify electricity, natural-gas, and multi-site purchasing needs."
"GHGRP-1001289","MIT Central Utility Plant - Cambridge, MA","MIT Central Utility Plant","MASSACHUSETTS INSTITUTE OF TECHNOLOGY","Other","59 VASSAR ST","Cambridge","Massachusetts","United States","02139","Director of Facilities","Facilities and Institutions","Hot","General commercial or institutional facility; validate site portfolio and purchasing authority."
"GHGRP-1005136","UMASS PHYSICAL PLANT BUILDING - Amherst, MA","UMASS PHYSICAL PLANT BUILDING","UNIVERSITY OF MASSACHUSETTS","Other","360 CAMPUS CENTER WAY","Amherst","Massachusetts","United States","01003","Director of Facilities","Facilities and Institutions","Hot","General commercial or institutional facility; validate site portfolio and purchasing authority."
"GHGRP-1003488","RAND-WHITNEY CONTAINERBOARD LP - Montville, CT","RAND-WHITNEY CONTAINERBOARD LP","THE KRAFT GROUP","Pulp and Paper","370 Route 163","Montville","Connecticut","United States","06353","Energy Manager","Industrial High-Load","Hot","High-load manufacturing prospect with a clear energy-management and procurement use case."
"GHGRP-1004283","Wheelabrator Bridgeport L.P. - Bridgeport, CT","Wheelabrator Bridgeport L.P.","WHEELABRATOR TECHNOLOGIES HOLDINGS INC","Waste","6 HOWARD AVE","Bridgeport","Connecticut","United States","06605","Director of Operations","Waste and Environmental","Hot","Waste-sector facility; qualify electricity, natural-gas, and multi-site purchasing needs."
"GHGRP-1005037","ERVING PAPER MILLS INC - Erving, MA","ERVING PAPER MILLS INC","ERVING INDUSTRIES INC","Pulp and Paper","97 EAST MAIN STREET","Erving","Massachusetts","United States","01344","Energy Manager","Industrial High-Load","Hot","High-load manufacturing prospect with a clear energy-management and procurement use case."
"GHGRP-1005970","NEWARK AMERICA - Fitchburg, MA","NEWARK AMERICA","GREIF INC","Pulp and Paper","100 NEWARK WAY","Fitchburg","Massachusetts","United States","01420","Energy Manager","Industrial High-Load","Hot","High-load manufacturing prospect with a clear energy-management and procurement use case."
"GHGRP-1005179","COVANTA HAVERHILL INC - Haverhill, MA","COVANTA HAVERHILL INC","COVANTA HOLDING CORP","Waste","100 RECOVERY WAY","Haverhill","Massachusetts","United States","01835","Director of Operations","Waste and Environmental","Hot","Waste-sector facility; qualify electricity, natural-gas, and multi-site purchasing needs."
"GHGRP-1006267","WHEELABRATOR MILLBURY INC - Millbury, MA","WHEELABRATOR MILLBURY INC","WHEELABRATOR TECHNOLOGIES HOLDINGS INC","Waste","331 SOUTHWEST CUTOFF","Millbury","Massachusetts","United States","01527","Director of Operations","Waste and Environmental","Hot","Waste-sector facility; qualify electricity, natural-gas, and multi-site purchasing needs."
"GHGRP-1004101","WHEELABRATOR NORTH ANDOVER INC. - North Andover, MA","WHEELABRATOR NORTH ANDOVER INC.","WHEELABRATOR TECHNOLOGIES HOLDINGS INC","Waste","285 HOLT ROAD","North Andover","Massachusetts","United States","01845","Director of Operations","Waste and Environmental","Hot","Waste-sector facility; qualify electricity, natural-gas, and multi-site purchasing needs."
"GHGRP-1004287","Wheelabrator Saugus Inc. - Saugus, MA","Wheelabrator Saugus Inc.","WHEELABRATOR TECHNOLOGIES HOLDINGS INC","Waste","100 SALEM TURNPIKE","Saugus","Massachusetts","United States","01906","Director of Operations","Waste and Environmental","Hot","Waste-sector facility; qualify electricity, natural-gas, and multi-site purchasing needs."
"GHGRP-1003594","DRAGON CEMENT - Thomaston, ME","DRAGON CEMENT","GIANT CEMENT HOLDING INC","Minerals","107 NEW COUNTY RD","Thomaston","Maine","United States","04861","Plant Manager","Industrial High-Load","Hot","Industrial process-load prospect with potential power and natural-gas purchasing needs."
"GHGRP-1004343","Pfizer - Andover, MA","Pfizer","PFIZER INC","Chemicals","1 BURTT RD.","Andover","Massachusetts","United States","01810","Plant Manager","Industrial High-Load","Hot","Energy-intensive industrial facility; prioritize operational and procurement stakeholders."
"GHGRP-1001068","Rousselot Peabody, Inc. - Peabody, MA","Rousselot Peabody, Inc.","ROUSSELOT INC","Chemicals","227 WASHINGTON ST.","Peabody","Massachusetts","United States","01960","Plant Manager","Industrial High-Load","Hot","Energy-intensive industrial facility; prioritize operational and procurement stakeholders."
"GHGRP-1000383","BIOGEN INC - Cambridge, MA","BIOGEN INC","BIOGEN INC","Chemicals","225 Binney Street","Cambridge","Massachusetts","United States","02142","Plant Manager","Industrial High-Load","Hot","Energy-intensive industrial facility; prioritize operational and procurement stakeholders."
"GHGRP-1006902","UMASS MEDICAL SCHOOL - Worcester, MA","UMASS MEDICAL SCHOOL","COMMONWEALTH OF MASSACHUSETTS","Other","55 LAKE AVE NORTH","Worcester","Massachusetts","United States","01655","Director of Facilities","Facilities and Institutions","Hot","General commercial or institutional facility; validate site portfolio and purchasing authority."
"GHGRP-1000656","The President and Fellows of Harvard University (Cambridge Allston Blackstone) - Cambridge, MA","The President and Fellows of Harvard University (Cambridge Allston Blackstone)","PRESIDENT & FELLOWS OF HARVARD COLLEGE","Other","46 Blackstone Street","Cambridge","Massachusetts","United States","02139","Director of Facilities","Facilities and Institutions","Hot","General commercial or institutional facility; validate site portfolio and purchasing authority."
"GHGRP-1001974","Georgia-Pacific Gypsum - Newington, NH","Georgia-Pacific Gypsum","KOCH INDUSTRIES INC","Minerals","170 Shattuck Way","Newington","New Hampshire","United States","03801","Plant Manager","Industrial High-Load","Hot","Industrial process-load prospect with potential power and natural-gas purchasing needs."
"GHGRP-1009982","Analog Devices Inc - Willmington, MA","Analog Devices Inc","ANALOG DEVICES INC","Other","One Analog Way","Willmington","Massachusetts","United States","01887","Director of Facilities","Facilities and Institutions","Hot","General commercial or institutional facility; validate site portfolio and purchasing authority."
"GHGRP-1002299","SOLUTIA INC - INDIAN ORCHARD PLANT - Springfield, MA","SOLUTIA INC - INDIAN ORCHARD PLANT","EASTMAN CHEMICAL CO","Other","730 WORCESTER STREET","Springfield","Massachusetts","United States","01151","Director of Facilities","Facilities and Institutions","Hot","General commercial or institutional facility; validate site portfolio and purchasing authority."
"GHGRP-1003037","SAINT-GOBAIN ABRASIVES and SAINT-GOBAIN CERAMICS & PLASTICS, INC. - Worcester, MA","SAINT-GOBAIN ABRASIVES and SAINT-GOBAIN CERAMICS & PLASTICS, INC.","SAINT-GOBAIN CORP","Minerals","1 NEW BOND STREET","Worcester","Massachusetts","United States","01615","Plant Manager","Industrial High-Load","Hot","Industrial process-load prospect with potential power and natural-gas purchasing needs."
"GHGRP-1002834","Gorham Acquisition LLC - Gorham, NH","Gorham Acquisition LLC","GORHAM ACQUISITION LLC","Pulp and Paper","72 CASCADE FLATS","Gorham","New Hampshire","United States","03581","Energy Manager","Industrial High-Load","Hot","High-load manufacturing prospect with a clear energy-management and procurement use case."
"GHGRP-1007879","WM of NH - TREE (Turnkey Landfill) - Gonic, NH","WM of NH - TREE (Turnkey Landfill)","WASTE MANAGEMENT INC","Waste","90 Rochester Neck Road","Gonic","New Hampshire","United States","03839","Director of Operations","Waste and Environmental","Hot","Waste-sector facility; qualify electricity, natural-gas, and multi-site purchasing needs."
"GHGRP-1002744","SOUTHEASTERN CT RESOURCE RECOVERY FACILITY - Preston, CT","SOUTHEASTERN CT RESOURCE RECOVERY FACILITY","COVANTA HOLDING CORP","Waste","132 MILITARY HIGHWAY","Preston","Connecticut","United States","06365","Director of Operations","Waste and Environmental","Hot","Waste-sector facility; qualify electricity, natural-gas, and multi-site purchasing needs."
"GHGRP-1003726","GLOBALFOUNDRIES U.S. 2 LLC - Vermont Facility - Essex Junction, VT","GLOBALFOUNDRIES U.S. 2 LLC - Vermont Facility","GLOBALFOUNDRIES US INC","Other","1000 RIVER STREET - B966","Essex Junction","Vermont","United States","05452","Director of Facilities","Facilities and Institutions","Hot","General commercial or institutional facility; validate site portfolio and purchasing authority."
"GHGRP-1004800","YALE UNIVERSITY - SCHOOL OF MEDICINE - New Haven, CT","YALE UNIVERSITY - SCHOOL OF MEDICINE","THE YALE CORP","Other","309 CONGRESS AVE","New Haven","Connecticut","United States","06520","Director of Facilities","Facilities and Institutions","Warm","General commercial or institutional facility; validate site portfolio and purchasing authority."
"GHGRP-1000338","TORAY PLASTICS (AMERICA), INC. - North Kingstown, RI","TORAY PLASTICS (AMERICA), INC.","TORAY INDUSTRIES AMERICA INC","Other","50 BELVER AVENUE","North Kingstown","Rhode Island","United States","02852","Director of Facilities","Facilities and Institutions","Warm","General commercial or institutional facility; validate site portfolio and purchasing authority."
"GHGRP-1004835","YALE UNIVERSITY CENTRAL POWER PLANT - New Haven, CT","YALE UNIVERSITY CENTRAL POWER PLANT","THE YALE CORP","Other","120 TOWER PARKWAY","New Haven","Connecticut","United States","06520","Director of Facilities","Facilities and Institutions","Warm","General commercial or institutional facility; validate site portfolio and purchasing authority."
"GHGRP-1004266","UNIVERSITY OF CONNECTICUT - Storrs Mansfield, CT","UNIVERSITY OF CONNECTICUT","STATE OF CONNECTICUT","Other","25 LEDOYT RD, U-3252","Storrs Mansfield","Connecticut","United States","06269","Director of Facilities","Facilities and Institutions","Warm","General commercial or institutional facility; validate site portfolio and purchasing authority."
"GHGRP-1006941","Pfizer - Groton, CT","Pfizer","PFIZER INC","Other","445 EASTERN POINT ROAD","Groton","Connecticut","United States","06340","Director of Facilities","Facilities and Institutions","Warm","General commercial or institutional facility; validate site portfolio and purchasing authority."
"GHGRP-1002437","SIKORSKY AIRCRAFT HEADQUARTERS - Stratford, CT","SIKORSKY AIRCRAFT HEADQUARTERS","LOCKHEED MARTIN CORP","Other","6900 MAIN ST.","Stratford","Connecticut","United States","06615","Director of Facilities","Facilities and Institutions","Warm","General commercial or institutional facility; validate site portfolio and purchasing authority."
"GHGRP-1002274","Boston University - Boston, MA","Boston University","TRUSTEES OF BOSTON UNIVERSITY","Other","120 Ashford Street","Boston","Massachusetts","United States","02134","Director of Facilities","Facilities and Institutions","Warm","General commercial or institutional facility; validate site portfolio and purchasing authority."
"GHGRP-1002497","GILLETTE CO - Boston, MA","GILLETTE CO","THE PROCTER & GAMBLE CO","Other","1 GILLETTE PARK","Boston","Massachusetts","United States","02127","Director of Facilities","Facilities and Institutions","Warm","General commercial or institutional facility; validate site portfolio and purchasing authority."
"GHGRP-1000593","JGT2 Mill - Jay, ME","JGT2 Mill","PIXELLE SPECIALTY SOLUTIONS LLC","Pulp and Paper,Waste","300 RILEY RD","Jay","Maine","United States","04239","Energy Manager","Industrial High-Load","Warm","High-load manufacturing and waste operation; prioritize energy and procurement stakeholders."
"GHGRP-1003759","Analog Devices, Inc./ Wilmington Manufacturing - Wilmington, MA","Analog Devices, Inc./ Wilmington Manufacturing","ANALOG DEVICES INC","Other","1 Analog Way, MS-424","Wilmington","Massachusetts","United States","01887","Director of Facilities","Facilities and Institutions","Warm","General commercial or institutional facility; validate site portfolio and purchasing authority."
"GHGRP-1002717","Gold Bond - POR Plant - Portsmouth, NH","Gold Bond - POR Plant","SPANGLER COMPANIES INC","Minerals","9 MICHAEL J SUCCI DR","Portsmouth","New Hampshire","United States","03801","Plant Manager","Industrial High-Load","Warm","Industrial process-load prospect with potential power and natural-gas purchasing needs."
"GHGRP-1006872","U S AIR FORCE HANSCOM AFB - Hanscom Afb, MA","U S AIR FORCE HANSCOM AFB","US GOVERNMENT","Other","66 ABG/CE, 120 Grenier Street","Hanscom Afb","Massachusetts","United States","01731","Director of Facilities","Facilities and Institutions","Warm","General commercial or institutional facility; validate site portfolio and purchasing authority."
"GHGRP-1006423","WestRock Converting LLC - Missisquoi Mill - Sheldon Springs, VT","WestRock Converting LLC - Missisquoi Mill","WESTROCK CO","Pulp and Paper","369 MILL STREET","Sheldon Springs","Vermont","United States","05485","Energy Manager","Industrial High-Load","Warm","High-load manufacturing prospect with a clear energy-management and procurement use case."
"GHGRP-1005277","NORTHEASTERN UNIVERSITY - Boston, MA","NORTHEASTERN UNIVERSITY","NORTHEASTERN UNIVERSITY","Other","360 HUNTINGTON AVENUE","Boston","Massachusetts","United States","02115","Director of Facilities","Facilities and Institutions","Warm","General commercial or institutional facility; validate site portfolio and purchasing authority."
"GHGRP-1001200","General Electric Aviation - Lynn, MA","General Electric Aviation","GENERAL ELECTRIC CO","Other","1000 WESTERN AVE","Lynn","Massachusetts","United States","01910","Director of Facilities","Facilities and Institutions","Warm","General commercial or institutional facility; validate site portfolio and purchasing authority."
"GHGRP-1009735","Skyworks Solutions, Inc. - Woburn, MA","Skyworks Solutions, Inc.","SKYWORKS SOLUTIONS INC","Other","20 Sylvan Road","Woburn","Massachusetts","United States","01801","Director of Facilities","Facilities and Institutions","Warm","General commercial or institutional facility; validate site portfolio and purchasing authority."
"GHGRP-1011427","Huhtamaki, Inc. - Waterville, ME","Huhtamaki, Inc.","HUHTAMAKI AMERICAS INC","Pulp and Paper","242 College Avenue","Waterville","Maine","United States","04093","Energy Manager","Industrial High-Load","Warm","High-load manufacturing prospect with a clear energy-management and procurement use case."
"GHGRP-1004817","Wyman-Gordon Company - North Grafton, MA","Wyman-Gordon Company","BERKSHIRE HATHAWAY INC","Other","244 Worcester Street","North Grafton","Massachusetts","United States","01536","Director of Facilities","Facilities and Institutions","Warm","General commercial or institutional facility; validate site portfolio and purchasing authority."
"GHGRP-1006452","MASSPORT LOGAN AIRPORT - East Boston, MA","MASSPORT LOGAN AIRPORT","MASSACHUSETTS PORT AUTHORITY","Other","ONE HARBORSIDE DRIVE","East Boston","Massachusetts","United States","02128","Director of Facilities","Facilities and Institutions","Warm","General commercial or institutional facility; validate site portfolio and purchasing authority."
"GHGRP-1007069","ND OTM LLC - Old Town, ME","ND OTM LLC","ND PAPER LLC","Pulp and Paper","24 PORTLAND STREET","Old Town","Maine","United States","04468","Energy Manager","Industrial High-Load","Warm","High-load manufacturing prospect with a clear energy-management and procurement use case."
"GHGRP-1005123","S D WARREN CO - Westbrook, ME","S D WARREN CO","SAPPI NORTH AMERICA INC","Pulp and Paper","89 CUMBERLAND STREET","Westbrook","Maine","United States","04092","Energy Manager","Industrial High-Load","Warm","High-load manufacturing prospect with a clear energy-management and procurement use case."
"GHGRP-1005172","COVANTA BRISTOL, INC - Bristol, CT","COVANTA BRISTOL, INC","COVANTA HOLDING CORP","Waste","170 ENTERPRISE DRIVE","Bristol","Connecticut","United States","06010","Director of Operations","Waste and Environmental","Warm","Waste-sector facility; qualify electricity, natural-gas, and multi-site purchasing needs."
"GHGRP-1004184","MANCHESTER LANDFILL - Manchester, CT","MANCHESTER LANDFILL","TOWN OF MANCHESTER CONNECTICUT","Waste","1 LANDFILL WAY","Manchester","Connecticut","United States","06040","Director of Operations","Waste and Environmental","Warm","Waste-sector facility; qualify electricity, natural-gas, and multi-site purchasing needs."
"GHGRP-1004540","Wheelabrator Lisbon Inc. - Lisbon, CT","Wheelabrator Lisbon Inc.","WHEELABRATOR TECHNOLOGIES HOLDINGS INC","Waste","425 SOUTH BURNHAM HIGHWAY","Lisbon","Connecticut","United States","06351","Director of Operations","Waste and Environmental","Warm","Waste-sector facility; qualify electricity, natural-gas, and multi-site purchasing needs."
"GHGRP-1005255","NORTH COUNTRY ENVIRONMENTAL SERVICES INC - Bethlehem, NH","NORTH COUNTRY ENVIRONMENTAL SERVICES INC","CASELLA WASTE SYSTEMS INC","Waste","581 TRUDEAU ROAD","Bethlehem","New Hampshire","United States","03574","Director of Operations","Waste and Environmental","Warm","Waste-sector facility; qualify electricity, natural-gas, and multi-site purchasing needs."
"GHGRP-1006369","WHEELABRATOR CONCORD COMPANY LP - Concord (Penacook), NH","WHEELABRATOR CONCORD COMPANY LP","WHEELABRATOR TECHNOLOGIES HOLDINGS INC","Waste","11 WHITNEY ROAD","Concord (Penacook)","New Hampshire","United States","03303","Director of Operations","Waste and Environmental","Warm","Waste-sector facility; qualify electricity, natural-gas, and multi-site purchasing needs."
"GHGRP-1004698","PORTSMOUTH NAVAL SHIPYARD - Kittery, ME","PORTSMOUTH NAVAL SHIPYARD","US GOVERNMENT","Other","Code 106.3, Building 44/2, SEAVEY ISLAND","Kittery","Maine","United States","03904","Director of Facilities","Facilities and Institutions","Warm","General commercial or institutional facility; validate site portfolio and purchasing authority."
"GHGRP-1010208","Texas Instruments Incorporated - Maine Fab - South Portland, ME","Texas Instruments Incorporated - Maine Fab","TEXAS INSTRUMENTS INC","Other","5 Foden Road","South Portland","Maine","United States","04106","Director of Facilities","Facilities and Institutions","Warm","General commercial or institutional facility; validate site portfolio and purchasing authority."
"GHGRP-1005213","HAVERHILL LANDFILL - Haverhill, MA","HAVERHILL LANDFILL","COVANTA HOLDING CORP","Waste","100 RECOVERY WAY","Haverhill","Massachusetts","United States","01835","Director of Operations","Waste and Environmental","Warm","Waste-sector facility; qualify electricity, natural-gas, and multi-site purchasing needs."
"GHGRP-1005715","Carver-Marion-Wareham Landfill - Carver, MA","Carver-Marion-Wareham Landfill","COVANTA HOLDING CORP","Waste","118 Federal Road","Carver","Massachusetts","United States","02330","Director of Operations","Waste and Environmental","Warm","Waste-sector facility; qualify electricity, natural-gas, and multi-site purchasing needs."
"GHGRP-1007753","FITCHBURG WESTMINSTER LANDFILL RECYCLING CENTER - Westminster, MA","FITCHBURG WESTMINSTER LANDFILL RECYCLING CENTER","WASTE MANAGEMENT INC","Waste","101 FITCHBURG RD","Westminster","Massachusetts","United States","01473","Director of Operations","Waste and Environmental","Warm","Waste-sector facility; qualify electricity, natural-gas, and multi-site purchasing needs."
"GHGRP-1002593","NORTHAMPTON LANDFILL - Northampton, MA","NORTHAMPTON LANDFILL","CITY OF NORTHAMPTON MASSACHUSETTS","Waste","170 GLENDALE RD","Northampton","Massachusetts","United States","01060","Director of Operations","Waste and Environmental","Warm","Waste-sector facility; qualify electricity, natural-gas, and multi-site purchasing needs."
"GHGRP-1007669","CHICOPEE SANITARY LANDFILL - Chicopee, MA","CHICOPEE SANITARY LANDFILL","WASTE MANAGEMENT INC","Waste","161 NEW LOMBARD ROAD","Chicopee","Massachusetts","United States","01020","Director of Operations","Waste and Environmental","Warm","Waste-sector facility; qualify electricity, natural-gas, and multi-site purchasing needs."
"GHGRP-1005254","SOUTHBRIDGE RECYCLING & DISPOSAL PARK - Southbridge, MA","SOUTHBRIDGE RECYCLING & DISPOSAL PARK","CASELLA WASTE SYSTEMS INC","Waste","165 BAREFOOT RD","Southbridge","Massachusetts","United States","01550","Director of Operations","Waste and Environmental","Warm","Waste-sector facility; qualify electricity, natural-gas, and multi-site purchasing needs."
"GHGRP-1010391","Middleborough Landfill - Middleborough, MA","Middleborough Landfill","WASTE MANAGEMENT INC","Waste","207 Plympton Street","Middleborough","Massachusetts","United States","02346","Director of Operations","Waste and Environmental","Warm","Waste-sector facility; qualify electricity, natural-gas, and multi-site purchasing needs."
"GHGRP-1003587","MARTONE LANDFILL & GAS GENERATING FACILITY - Barre, MA","MARTONE LANDFILL & GAS GENERATING FACILITY","WASTE MANAGEMENT INC","Waste","99 BARRE DEPOT RD","Barre","Massachusetts","United States","01005","Director of Operations","Waste and Environmental","Warm","Waste-sector facility; qualify electricity, natural-gas, and multi-site purchasing needs."
"GHGRP-1003532","TAUNTON SANITARY LANDFILL - Taunton, MA","TAUNTON SANITARY LANDFILL","WASTE MANAGEMENT INC","Waste","330 EAST BRITANNIA ST","Taunton","Massachusetts","United States","02780","Director of Operations","Waste and Environmental","Warm","Waste-sector facility; qualify electricity, natural-gas, and multi-site purchasing needs."
"GHGRP-1004557","PLAINVILLE LANDFILL - Plainville, MA","PLAINVILLE LANDFILL","REPUBLIC SERVICES INC","Waste","14 BELCHER STREET","Plainville","Massachusetts","United States","02762","Director of Operations","Waste and Environmental","Warm","Waste-sector facility; qualify electricity, natural-gas, and multi-site purchasing needs."
"GHGRP-1007685","GRANBY SANITARY LANDFILL - Granby, MA","GRANBY SANITARY LANDFILL","WASTE MANAGEMENT INC","Waste","11 NEW LUDLOW ROAD","Granby","Massachusetts","United States","01033","Director of Operations","Waste and Environmental","Warm","Waste-sector facility; qualify electricity, natural-gas, and multi-site purchasing needs."
"GHGRP-1007550","HALIFAX LANDFILL - Halifax, MA","HALIFAX LANDFILL","REPUBLIC SERVICES INC","Waste","27 LAUREL STREET","Halifax","Massachusetts","United States","02338","Director of Operations","Waste and Environmental","Warm","Waste-sector facility; qualify electricity, natural-gas, and multi-site purchasing needs."
"GHGRP-1005587","R I HOSPITAL - Providence, RI","R I HOSPITAL","LIFESPAN CORP","Other","593 EDDY ST.","Providence","Rhode Island","United States","02903","Director of Facilities","Facilities and Institutions","Warm","General commercial or institutional facility; validate site portfolio and purchasing authority."
"GHGRP-1005264","DARTMOUTH COLLEGE HEATING PLANT - Hanover, NH","DARTMOUTH COLLEGE HEATING PLANT","TRUSTEES OF DARTMOUTH COLLEGE","Other","MCKENZIE HALL 6111","Hanover","New Hampshire","United States","03755","Director of Facilities","Facilities and Institutions","Warm","General commercial or institutional facility; validate site portfolio and purchasing authority."
"GHGRP-1004983","FRITO-LAY - Killingly (Dayville), CT","FRITO-LAY","PEPSICO INC","Other","1886 UPPER MAPLE ST","Killingly (Dayville)","Connecticut","United States","06241","Director of Facilities","Facilities and Institutions","Warm","General commercial or institutional facility; validate site portfolio and purchasing authority."
"GHGRP-1002311","Naval Submarine Base New London - Groton, CT","Naval Submarine Base New London","US GOVERNMENT","Other","","Groton","Connecticut","United States","06349","Director of Facilities","Facilities and Institutions","Warm","General commercial or institutional facility; validate site portfolio and purchasing authority."
"GHGRP-1004295","PRATT & WHITNEY MIDDLETOWN - Middletown, CT","PRATT & WHITNEY MIDDLETOWN","RTX CORP","Other","1 AIRCRAFT ROAD","Middletown","Connecticut","United States","06457","Director of Facilities","Facilities and Institutions","Warm","General commercial or institutional facility; validate site portfolio and purchasing authority."
"GHGRP-1008928","Hamilton Sundstrand Corporation - Windsor Locks, CT","Hamilton Sundstrand Corporation","RTX CORP","Other","1 Hamilton Road","Windsor Locks","Connecticut","United States","06096","Director of Facilities","Facilities and Institutions","Warm","General commercial or institutional facility; validate site portfolio and purchasing authority."
"GHGRP-1003597","Mohegan Tribe of Indians of Connecticut - Uncasville, CT","Mohegan Tribe of Indians of Connecticut","MOHEGAN TRIBE OF INDIANS OF CONNECTICUT","Other","13 Crow Hill Road","Uncasville","Connecticut","United States","06382","Director of Facilities","Facilities and Institutions","Warm","General commercial or institutional facility; validate site portfolio and purchasing authority."
"GHGRP-1001811","BROWN UNIVERSITY MAIN CAMPUS - Providence, RI","BROWN UNIVERSITY MAIN CAMPUS","Brown University","Other","164 ANGELL STREET","Providence","Rhode Island","United States","02912","Director of Facilities","Facilities and Institutions","Warm","General commercial or institutional facility; validate site portfolio and purchasing authority."
"GHGRP-1012083","University of New Hampshire - Durham, NH","University of New Hampshire","UNIVERSITY SYSTEM OF NEW HAMPSHIRE","Other","22 Colovos Road","Durham","New Hampshire","United States","03824","Director of Facilities","Facilities and Institutions","Warm","General commercial or institutional facility; validate site portfolio and purchasing authority."
"GHGRP-1005253","JUNIPER RIDGE LANDFILL - Old Town, ME","JUNIPER RIDGE LANDFILL","CASELLA WASTE SYSTEMS INC","Waste","2828 BENNOCH RD","Old Town","Maine","United States","04468","Director of Operations","Waste and Environmental","Warm","Waste-sector facility; qualify electricity, natural-gas, and multi-site purchasing needs."
"GHGRP-1005261","NEWSVT LANDFILL - Coventry, VT","NEWSVT LANDFILL","CASELLA WASTE SYSTEMS INC","Waste","21 Landfill Lane","Coventry","Vermont","United States","05855","Director of Operations","Waste and Environmental","Cold","Waste-sector facility; qualify electricity, natural-gas, and multi-site purchasing needs."
"GHGRP-1005673","REGIONAL WASTE SYSTEMS INCORPORATED - Portland, ME","REGIONAL WASTE SYSTEMS INCORPORATED","ECOMAINE","Waste","64 BLUEBERRY RD","Portland","Maine","United States","04102","Director of Operations","Waste and Environmental","Cold","Waste-sector facility; qualify electricity, natural-gas, and multi-site purchasing needs."
"GHGRP-1006864","Bellingham Power Generation LLC - Bellingham, MA","Bellingham Power Generation LLC","Vistra Corp","Power Plants","155 MAPLE ST","Bellingham","Massachusetts","United States","02019","Plant Manager","Market Intelligence - Generation","Cold","Generation facility; low end-customer fit, retained for market context and qualification practice."
"GHGRP-1006657","Blackstone Power Generation LLC - Blackstone, MA","Blackstone Power Generation LLC","Vistra Corp","Power Plants","204 ELM ST","Blackstone","Massachusetts","United States","01504","Plant Manager","Market Intelligence - Generation","Cold","Generation facility; low end-customer fit, retained for market context and qualification practice."
"GHGRP-1001410","Fore River Energy Center - Weymouth, MA","Fore River Energy Center","CPN MANAGEMENT LP","Power Plants","9 BRIDGE ST","Weymouth","Massachusetts","United States","02191","Plant Manager","Market Intelligence - Generation","Cold","Generation facility; low end-customer fit, retained for market context and qualification practice."
"GHGRP-1000657","Kendall Green Energy - Cambridge, MA","Kendall Green Energy","VICINITY ENERGY INC","Power Plants","265 FIRST ST","Cambridge","Massachusetts","United States","02142","Plant Manager","Market Intelligence - Generation","Cold","Generation facility; low end-customer fit, retained for market context and qualification practice."
"GHGRP-1000653","Mystic - Charlestown, MA","Mystic","CONSTELLATION ENERGY CORP","Power Plants","173 ALFORD ST","Charlestown","Massachusetts","United States","02129","Plant Manager","Market Intelligence - Generation","Cold","Generation facility; low end-customer fit, retained for market context and qualification practice."
"GHGRP-1004084","MOUNT CARBERRY LANDFILL - Berlin, NH","MOUNT CARBERRY LANDFILL","ANDROSCOGGIN VALLEY REGIONAL REFUSE","Waste","OFF HUTCHINS ST","Berlin","New Hampshire","United States","03570","Director of Operations","Waste and Environmental","Cold","Waste-sector facility; qualify electricity, natural-gas, and multi-site purchasing needs."
"GHGRP-1004751","FOUR HILLS LANDFILL - Nashua, NH","FOUR HILLS LANDFILL","CITY OF NASHUA DEPARTMENT OF PUBLIC WORKS","Waste","840 WEST HOLLIS STREET","Nashua","New Hampshire","United States","03062","Director of Operations","Waste and Environmental","Cold","Waste-sector facility; qualify electricity, natural-gas, and multi-site purchasing needs."
"GHGRP-1006421","LEBANON LANDFILL AND RECYCLING CENTER - West Lebanon, NH","LEBANON LANDFILL AND RECYCLING CENTER","CITY OF LEBANON NEW HAMPSHIRE","Waste","370 PLAINFIELD ROAD, RTE 12-A","West Lebanon","New Hampshire","United States","03784","Director of Operations","Waste and Environmental","Cold","Waste-sector facility; qualify electricity, natural-gas, and multi-site purchasing needs."
"GHGRP-1006283","RHODE ISLAND Resource Recovery Corporation - Johnston, RI","RHODE ISLAND Resource Recovery Corporation","RHODE ISLAND RESOURCE RECOVERY CORP","Waste","65 SHUN PIKE","Johnston","Rhode Island","United States","02919","Director of Operations","Waste and Environmental","Cold","Waste-sector facility; qualify electricity, natural-gas, and multi-site purchasing needs."
"GHGRP-1002017","University of Maine - Orono, ME","University of Maine","UNIVERSITY OF MAINE SYSTEM","Other","5765 Service Building","Orono","Maine","United States","04469","Director of Facilities","Facilities and Institutions","Cold","General commercial or institutional facility; validate site portfolio and purchasing authority."
"GHGRP-1002803","University of Vermont and State Agricultural College - Burlington, VT","University of Vermont and State Agricultural College","UNIVERSITY OF VERMONT & STATE AGRICULTURAL COLLEGE","Other","284 East Avenue","Burlington","Vermont","United States","05405","Director of Facilities","Facilities and Institutions","Cold","General commercial or institutional facility; validate site portfolio and purchasing authority."
"GHGRP-1011251","Omya Inc. (Verpol) - Florence, VT","Omya Inc. (Verpol)","OMYA INDUSTRIES INC","Other","206 Omya West","Florence","Vermont","United States","05701","Director of Facilities","Facilities and Institutions","Cold","General commercial or institutional facility; validate site portfolio and purchasing authority."
"GHGRP-1013349","Northern Light - Eastern Maine Medical Center - Bangor, ME","Northern Light - Eastern Maine Medical Center","NORTHERN LIGHT HEALTH","Other","489 State Street","Bangor","Maine","United States","04401","Director of Facilities","Facilities and Institutions","Cold","General commercial or institutional facility; validate site portfolio and purchasing authority."
"GHGRP-1013584","Pioneer Plastics Corporation - Auburn, ME","Pioneer Plastics Corporation","PANOLAM INDUSTRIES INTERNATIONAL INC","Other","1 Pionite Road","Auburn","Maine","United States","04210","Director of Facilities","Facilities and Institutions","Cold","General commercial or institutional facility; validate site portfolio and purchasing authority."
"GHGRP-1009581","Diodes US Manufacturing Incorporated - South Portland, ME","Diodes US Manufacturing Incorporated","DIODES INC","Other","333 Western Avenue","South Portland","Maine","United States","04106","Director of Facilities","Facilities and Institutions","Cold","General commercial or institutional facility; validate site portfolio and purchasing authority."
"GHGRP-1006917","International N&H USA, INC - Rockland, ME","International N&H USA, INC","INTERNATIONAL FLAVORS & FRAGRANCES INC","Other","1 CROCKETTS POINT","Rockland","Maine","United States","04841","Director of Facilities","Facilities and Institutions","Cold","General commercial or institutional facility; validate site portfolio and purchasing authority."
"GHGRP-1002915","ANHEUSER-BUSCH LLC - Merrimack, NH","ANHEUSER-BUSCH LLC","ANHEUSER-BUSCH COS LLC","Other,Suppliers of CO2","221 DANIEL WEBSTER HIGHWAY","Merrimack","New Hampshire","United States","03054","Director of Operations","Industrial High-Load","Cold","Industrial supplier; validate whether energy procurement is managed at the site or parent-company level."
"GHGRP-1006130","Cromwell - Cromwell, CT","Cromwell","Enbridge (US) Inc","Petroleum and Natural Gas Systems","252 Shunpike Road","Cromwell","Connecticut","United States","06416","Director of Operations","Energy Infrastructure","Cold","Energy-sector operator; retain for market intelligence and qualify end-customer purchasing fit."
"GHGRP-1000206","Burrillville - Pascoag, RI","Burrillville","Enbridge (US) Inc","Petroleum and Natural Gas Systems","54 Algonquin Lane","Pascoag","Rhode Island","United States","02859","Director of Operations","Energy Infrastructure","Cold","Energy-sector operator; retain for market intelligence and qualify end-customer purchasing fit."
"GHGRP-1008158","Oxford Station - Oxford, CT","Oxford Station","Enbridge (US) Inc","Petroleum and Natural Gas Systems","40 Woodruff Hill Road","Oxford","Connecticut","United States","06478","Director of Operations","Energy Infrastructure","Cold","Energy-sector operator; retain for market intelligence and qualify end-customer purchasing fit."
"GHGRP-1004165","IROQUOIS GAS TRANSMISSION SYSTEM, L.P. - BROOKFIELD COMPRESSOR STATION - Brookfield, CT","IROQUOIS GAS TRANSMISSION SYSTEM, L.P. - BROOKFIELD COMPRESSOR STATION","IROQUOIS GAS TRANSMISSION SYSTEM LP","Petroleum and Natural Gas Systems","78 HIGH MEADOW ROAD","Brookfield","Connecticut","United States","06804","Director of Operations","Energy Infrastructure","Cold","Energy-sector operator; retain for market intelligence and qualify end-customer purchasing fit."
"GHGRP-1008146","Chaplin Station - Chaplin, CT","Chaplin Station","Enbridge (US) Inc","Petroleum and Natural Gas Systems","539 Tower Hill Road","Chaplin","Connecticut","United States","06235","Director of Operations","Energy Infrastructure","Cold","Energy-sector operator; retain for market intelligence and qualify end-customer purchasing fit."
"GHGRP-1009333","TGP Station 264 Charlton - Charlton, MA","TGP Station 264 Charlton","KINDER MORGAN INC","Petroleum and Natural Gas Systems","196 Carpenter Hill Rd","Charlton","Massachusetts","United States","01507","Director of Operations","Energy Infrastructure","Cold","Energy-sector operator; retain for market intelligence and qualify end-customer purchasing fit."
"GHGRP-1010498","TGP Station 261 Agawam - Agawam, MA","TGP Station 261 Agawam","KINDER MORGAN INC","Petroleum and Natural Gas Systems","1615 Suffield St","Agawam","Massachusetts","United States","01001","Director of Operations","Energy Infrastructure","Cold","Energy-sector operator; retain for market intelligence and qualify end-customer purchasing fit."
"GHGRP-1002283","MCCAIN FOODS POTATO FACILITY - Easton, ME","MCCAIN FOODS POTATO FACILITY","MCCAIN USA INC","Other,Waste","319 RICHARDSON ROAD","Easton","Maine","United States","04740","Director of Operations","Waste and Environmental","Cold","Mixed industrial and waste operation; confirm energy-load profile and site decision authority."
"GHGRP-1003769","DISTRIGAS OF MASSACHUSETTS LLC - Everett, MA","DISTRIGAS OF MASSACHUSETTS LLC","Constellation Energy Corp","Petroleum and Natural Gas Systems","18 ROVER ST","Everett","Massachusetts","United States","02149","Director of Operations","Energy Infrastructure","Cold","Energy-sector operator; retain for market intelligence and qualify end-customer purchasing fit."
"GHGRP-1001338","Lake Road Generating Company - Dayville, CT","Lake Road Generating Company","Vistra Corp","Power Plants","56 ALEXANDER PARKWAY","Dayville","Connecticut","United States","06241","Plant Manager","Market Intelligence - Generation","Cold","Generation facility; low end-customer fit, retained for market context and qualification practice."
"GHGRP-1013223","CPV Towantic Energy Center - Oxford, CT","CPV Towantic Energy Center","OSAKA GAS USA CORP","Power Plants","16 Woodruff Hill Road","Oxford","Connecticut","United States","06478","Plant Manager","Market Intelligence - Generation","Cold","Generation facility; low end-customer fit, retained for market context and qualification practice."
"GHGRP-1007307","Milford Power Company LLC - Milford, CT","Milford Power Company LLC","Vistra Corp","Power Plants","55 SHELLAND ST","Milford","Connecticut","United States","06460","Plant Manager","Market Intelligence - Generation","Cold","Generation facility; low end-customer fit, retained for market context and qualification practice."
"GHGRP-1001315","Rhode Island State Energy Center - Johnston, RI","Rhode Island State Energy Center","RHODE ISLAND STATE ENERGY CENTER LP","Power Plants","24 SHUN PIKE","Johnston","Rhode Island","United States","02919","Plant Manager","Market Intelligence - Generation","Cold","Generation facility; low end-customer fit, retained for market context and qualification practice."
"GHGRP-1001345","Granite Ridge Energy - Londonderry, NH","Granite Ridge Energy","CPN MANAGEMENT LP","Power Plants","21 NORTH WENTWORTH AVE","Londonderry","New Hampshire","United States","03053","Plant Manager","Market Intelligence - Generation","Cold","Generation facility; low end-customer fit, retained for market context and qualification practice."
"GHGRP-1006949","Bridgeport Harbor Station - Bridgeport, CT","Bridgeport Harbor Station","ARCLIGHT ENERGY PARTNERS FUND VII LP","Power Plants","2 ATLANTIC ST","Bridgeport","Connecticut","United States","06604","Plant Manager","Market Intelligence - Generation","Cold","Generation facility; low end-customer fit, retained for market context and qualification practice."
"GHGRP-1002802","KLEEN ENERGY SYSTEMS POWER PLANT - Middletown, CT","KLEEN ENERGY SYSTEMS POWER PLANT","KLEEN ENERGY SYSTEMS LLC","Power Plants","1349 RIVER RD","Middletown","Connecticut","United States","06457","Plant Manager","Market Intelligence - Generation","Cold","Generation facility; low end-customer fit, retained for market context and qualification practice."
"GHGRP-1001299","Bridgeport Energy - Bridgeport, CT","Bridgeport Energy","BRIDGEPORT ENERGY LLC","Power Plants","10 ATLANTIC ST","Bridgeport","Connecticut","United States","06604","Plant Manager","Market Intelligence - Generation","Cold","Generation facility; low end-customer fit, retained for market context and qualification practice."
"GHGRP-1000905","Manchester Street - Providence, RI","Manchester Street","EDGEWATER GENERATION HOLDINGS LLC","Power Plants","40 POINT ST","Providence","Rhode Island","United States","02903","Plant Manager","Market Intelligence - Generation","Cold","Generation facility; low end-customer fit, retained for market context and qualification practice."
"GHGRP-1001301","Tiverton Power - Tiverton, RI","Tiverton Power","CARLYLE GROUP MANAGEMENT LLC","Power Plants","304 PROGRESS RD","Tiverton","Rhode Island","United States","02878","Plant Manager","Market Intelligence - Generation","Cold","Generation facility; low end-customer fit, retained for market context and qualification practice."
"GHGRP-1001258","Ocean State Power - Harrisville, RI","Ocean State Power","LS Power Development, LLC","Power Plants","1575 SHERMAN FARM ROAD","Harrisville","Rhode Island","United States","02830","Plant Manager","Market Intelligence - Generation","Cold","Generation facility; low end-customer fit, retained for market context and qualification practice."
"GHGRP-1007646","CROSSROADS LANDFILL - Norridgewock, ME","CROSSROADS LANDFILL","WASTE MANAGEMENT INC","Waste","357 MERCER RD","Norridgewock","Maine","United States","04957","Director of Operations","Waste and Environmental","Cold","Waste-sector facility; qualify electricity, natural-gas, and multi-site purchasing needs."
"GHGRP-1000047","PENOBSCOT ENERGY RECOVERY CO. - Orrington, ME","PENOBSCOT ENERGY RECOVERY CO.","USA ENERGY GROUP LLC","Waste","29 INDUSTRIAL WAY","Orrington","Maine","United States","04474","Director of Operations","Waste and Environmental","Cold","Waste-sector facility; qualify electricity, natural-gas, and multi-site purchasing needs."
"GHGRP-1007435","MASSPOWER - Indian Orchard, MA","MASSPOWER","Vistra Corp","Power Plants","750 WORCESTER ST","Indian Orchard","Massachusetts","United States","01151","Plant Manager","Market Intelligence - Generation","Cold","Generation facility; low end-customer fit, retained for market context and qualification practice."
"GHGRP-1012869","Salem Harbor Station NGCC - Salem, MA","Salem Harbor Station NGCC","Salem Harbor Power Development LP","Power Plants","24 Fort Ave","Salem","Massachusetts","United States","01970","Plant Manager","Market Intelligence - Generation","Cold","Generation facility; low end-customer fit, retained for market context and qualification practice."
"GHGRP-1000580","MEDICAL AREA TOTAL ENERGY PLANT - Boston, MA","MEDICAL AREA TOTAL ENERGY PLANT","LONGWOOD ENERGY PARTNERS LLC","Power Plants","474 BROOKLINE AVE","Boston","Massachusetts","United States","02215","Plant Manager","Market Intelligence - Generation","Cold","Generation facility; low end-customer fit, retained for market context and qualification practice."
"GHGRP-1001404","Westbrook Energy Center - Westbrook, ME","Westbrook Energy Center","CPN MANAGEMENT LP","Power Plants","60 EISENHOWER DRIVE","Westbrook","Maine","United States","04092","Plant Manager","Market Intelligence - Generation","Cold","Generation facility; low end-customer fit, retained for market context and qualification practice."
"GHGRP-1001271","Ocean State Power II - Harrisville, RI","Ocean State Power II","LS Power Development, LLC","Power Plants","1575 SHERMAN FARM ROAD","Harrisville","Rhode Island","United States","02830","Plant Manager","Market Intelligence - Generation","Cold","Generation facility; low end-customer fit, retained for market context and qualification practice."
"GHGRP-1000170","Newington Energy - Newington, NH","Newington Energy","ESSENTIAL POWER LLC","Power Plants","200 SHATTUCK WAY","Newington","New Hampshire","United States","03801","Plant Manager","Market Intelligence - Generation","Cold","Generation facility; low end-customer fit, retained for market context and qualification practice."
"GHGRP-1001307","Millennium Power - Charlton, MA","Millennium Power","MILLENNIUM POWER CO LLC","Power Plants","10 SHERWOOD LANE","Charlton","Massachusetts","United States","01507","Plant Manager","Market Intelligence - Generation","Cold","Generation facility; low end-customer fit, retained for market context and qualification practice."
"GHGRP-1001294","Dighton - Dighton, MA","Dighton","Lotus Infrastructure Partners","Power Plants","1450 SOMERSET AVE","Dighton","Massachusetts","United States","02715","Plant Manager","Market Intelligence - Generation","Cold","Generation facility; low end-customer fit, retained for market context and qualification practice."
"GHGRP-1014566","Westbrook - Westbrook, ME","Westbrook","Enbridge (US) Inc","Petroleum and Natural Gas Systems","420 Small Hardy Rd","Westbrook","Maine","United States","04092","Director of Operations","Energy Infrastructure","Cold","Energy-sector operator; retain for market intelligence and qualify end-customer purchasing fit."
"GHGRP-1008371","Richmond Station - Richmond, ME","Richmond Station","Enbridge (US) Inc","Petroleum and Natural Gas Systems","547 Lincoln Street","Richmond","Maine","United States","04357","Director of Operations","Energy Infrastructure","Cold","Energy-sector operator; retain for market intelligence and qualify end-customer purchasing fit."
"GHGRP-1007422","Maine Independence Station - Veazie, ME","Maine Independence Station","Vistra Corp","Power Plants","125 SHORE ROAD","Veazie","Maine","United States","04401","Plant Manager","Market Intelligence - Generation","Cold","Generation facility; low end-customer fit, retained for market context and qualification practice."
"GHGRP-1000729","Merrimack - Bow, NH","Merrimack","GRANITE SHORE POWER LLC","Power Plants","431 RIVER RD","Bow","New Hampshire","United States","03304","Plant Manager","Market Intelligence - Generation","Cold","Generation facility; low end-customer fit, retained for market context and qualification practice."
"GHGRP-1006408","Middletown - Middletown, CT","Middletown","ARCLIGHT ENERGY PARTNERS FUND VII LP","Power Plants","1866 RIVER ROAD","Middletown","Connecticut","United States","06457","Plant Manager","Market Intelligence - Generation","Cold","Generation facility; low end-customer fit, retained for market context and qualification practice."
"GHGRP-1006775","Milford Power, LLC - Milford, MA","Milford Power, LLC","JERA ENERGY AMERICA LLC","Power Plants","108 NATIONAL ST","Milford","Massachusetts","United States","01757","Plant Manager","Market Intelligence - Generation","Cold","Generation facility; low end-customer fit, retained for market context and qualification practice."
"GHGRP-1000655","Medway Station - Medway, MA","Medway Station","CONSTELLATION ENERGY CORP","Power Plants","9 SUMMER ST","Medway","Massachusetts","United States","02053","Plant Manager","Market Intelligence - Generation","Cold","Generation facility; low end-customer fit, retained for market context and qualification practice."
"GHGRP-1000092","Kneeland Station - Boston, MA","Kneeland Station","VICINITY ENERGY INC","Power Plants","165 Kneeland St.","Boston","Massachusetts","United States","02111","Plant Manager","Market Intelligence - Generation","Cold","Generation facility; low end-customer fit, retained for market context and qualification practice."
"GHGRP-1000658","Canal Station - Sandwich, MA","Canal Station","JERA AMERICAS HOLDINGS INC","Power Plants","9 FREEZER ROAD","Sandwich","Massachusetts","United States","02563","Plant Manager","Market Intelligence - Generation","Cold","Generation facility; low end-customer fit, retained for market context and qualification practice."
"GHGRP-1013945","Bucksport Mill, LLC - Bucksport, ME","Bucksport Mill, LLC","Bucksport Mill, LLC","Power Plants,Waste","109 River Road","Bucksport","Maine","United States","04416","Plant Manager","Market Intelligence - Generation","Cold","Generation and waste facility; validate load-serving opportunity before outreach."
"GHGRP-1001312","Rumford Power LLC - Rumford, ME","Rumford Power LLC","CARLYLE GROUP MANAGEMENT LLC","Power Plants","43 INDUSTRIAL PARK ROAD","Rumford","Maine","United States","04276","Plant Manager","Market Intelligence - Generation","Cold","Generation facility; low end-customer fit, retained for market context and qualification practice."
"GHGRP-1001281","Pratt & Whitney, East Hartford - East Hartford, CT","Pratt & Whitney, East Hartford","RTX CORP","Power Plants","400 MAIN","East Hartford","Connecticut","United States","06108","Plant Manager","Market Intelligence - Generation","Cold","Generation facility; low end-customer fit, retained for market context and qualification practice."
"GHGRP-1000069","Wallingford Energy, LLC - Wallingford, CT","Wallingford Energy, LLC","LS Power Development, LLC","Power Plants","115 John St","Wallingford","Connecticut","United States","06460","Plant Manager","Market Intelligence - Generation","Cold","Generation facility; low end-customer fit, retained for market context and qualification practice."
"GHGRP-1006409","Algonquin Power Windsor Locks, LLC - Windsor Locks, CT","Algonquin Power Windsor Locks, LLC","ALGONQUIN POWER WINDSOR LOCKS LLC","Power Plants","26 CANAL BANK RD","Windsor Locks","Connecticut","United States","06096","Plant Manager","Market Intelligence - Generation","Cold","Generation facility; low end-customer fit, retained for market context and qualification practice."
"GHGRP-1001207","Bellingham - Bellingham, MA","Bellingham","NEXTERA ENERGY INC","Power Plants","92 DEPOT ST","Bellingham","Massachusetts","United States","02019","Plant Manager","Market Intelligence - Generation","Cold","Generation facility; low end-customer fit, retained for market context and qualification practice."
"GHGRP-1000667","Cleary Flood - Taunton, MA","Cleary Flood","TAUNTON MUNICIPAL LIGHTING PLANT","Power Plants","1314 SOMERSET AVE","Taunton","Massachusetts","United States","02780","Plant Manager","Market Intelligence - Generation","Cold","Generation facility; low end-customer fit, retained for market context and qualification practice."
"GHGRP-1001298","Berkshire Power - Agawam, MA","Berkshire Power","BERKSHIRE POWER CO","Power Plants","36 MOYLAN LANE","Agawam","Massachusetts","United States","01001","Plant Manager","Market Intelligence - Generation","Cold","Generation facility; low end-customer fit, retained for market context and qualification practice."
"GHGRP-1000665","Potter - Braintree, MA","Potter","BRAINTREE ELECTRIC LIGHT DEPARTMENT","Power Plants","150 POTTER ROAD","Braintree","Massachusetts","United States","02184","Plant Manager","Market Intelligence - Generation","Cold","Generation facility; low end-customer fit, retained for market context and qualification practice."
"GHGRP-1009167","Dartmouth Power - Dartmouth, MA","Dartmouth Power","SAPPHIRE POWER HOLDINGS LLC","Power Plants","1 ENERGY RD.","Dartmouth","Massachusetts","United States","02747","Plant Manager","Market Intelligence - Generation","Cold","Generation facility; low end-customer fit, retained for market context and qualification practice."
"GHGRP-1001021","Stony Brook - Ludlow, MA","Stony Brook","MASSACHUSETTS MUNICIPAL WHOLESALE ELECTRIC CO","Power Plants","327 MOODY ST","Ludlow","Massachusetts","United States","01056","Plant Manager","Market Intelligence - Generation","Cold","Generation facility; low end-customer fit, retained for market context and qualification practice."
"GHGRP-1005731","Pittsfield Generating - Pittsfield, MA","Pittsfield Generating","PITTSFIELD GENERATING CO LP","Power Plants","235 MERRILL ROAD","Pittsfield","Massachusetts","United States","01201","Plant Manager","Market Intelligence - Generation","Cold","Generation facility; low end-customer fit, retained for market context and qualification practice."
"GHGRP-1001296","JGT2 Cogen - Jay, ME","JGT2 Cogen","PIXELLE SPECIALTY SOLUTIONS LLC","Power Plants","GATE 15 300 RILEY ROAD","Jay","Maine","United States","04239","Plant Manager","Market Intelligence - Generation","Cold","Generation facility; low end-customer fit, retained for market context and qualification practice."
"GHGRP-1001615","William F Wyman - Yarmouth, ME","William F Wyman","NEXTERA ENERGY INC","Power Plants","677 COUSINS ST","Yarmouth","Maine","United States","04096","Plant Manager","Market Intelligence - Generation","Cold","Generation facility; low end-customer fit, retained for market context and qualification practice."
"GHGRP-1001181","Newington - Newington, NH","Newington","GRANITE SHORE POWER LLC","Power Plants","165 GOSLING RD","Newington","New Hampshire","United States","03801","Plant Manager","Market Intelligence - Generation","Cold","Generation facility; low end-customer fit, retained for market context and qualification practice."
"GHGRP-1010343","Hartford Hospital Cogeneration Facility - Hartford, CT","Hartford Hospital Cogeneration Facility","CARTIER ENERGY LLC","Power Plants","19 Jefferson St","Hartford","Connecticut","United States","06106","Plant Manager","Market Intelligence - Generation","Cold","Generation facility; low end-customer fit, retained for market context and qualification practice."
"GHGRP-1001469","Montville - Uncasville, CT","Montville","ARCLIGHT ENERGY PARTNERS FUND VII LP","Power Plants","74 LATHROP ROAD","Uncasville","Connecticut","United States","06382","Plant Manager","Market Intelligence - Generation","Cold","Generation facility; low end-customer fit, retained for market context and qualification practice."
"GHGRP-1010109","Hartford Steam - Columbus Plant - Hartford, CT","Hartford Steam - Columbus Plant","CARTIER ENERGY LLC","Power Plants","60 Columbus Blvd","Hartford","Connecticut","United States","06103","Plant Manager","Market Intelligence - Generation","Cold","Generation facility; low end-customer fit, retained for market context and qualification practice."
"GHGRP-1005996","New Haven Harbor Station - New Haven, CT","New Haven Harbor Station","ARCLIGHT ENERGY PARTNERS FUND VII LP","Power Plants","600 Connecticut Avenue","New Haven","Connecticut","United States","06512","Plant Manager","Market Intelligence - Generation","Cold","Generation facility; low end-customer fit, retained for market context and qualification practice."
"GHGRP-1000538","Waterbury Generation - Waterbury, CT","Waterbury Generation","MPH WATERBURY LLC","Power Plants","725 BANK ST","Waterbury","Connecticut","United States","06708","Plant Manager","Market Intelligence - Generation","Cold","Generation facility; low end-customer fit, retained for market context and qualification practice."
"GHGRP-1000730","Schiller - Portsmouth, NH","Schiller","GRANITE SHORE POWER LLC","Power Plants","400 GOSLING RD","Portsmouth","New Hampshire","United States","03801","Plant Manager","Market Intelligence - Generation","Cold","Generation facility; low end-customer fit, retained for market context and qualification practice."
"GHGRP-1006174","BUCKSPORT GENERATION LLC - Bucksport, ME","BUCKSPORT GENERATION LLC","AIM Development USA LLC","Power Plants","30 Generation Lane","Bucksport","Maine","United States","04416","Plant Manager","Market Intelligence - Generation","Cold","Generation facility; low end-customer fit, retained for market context and qualification practice."
